﻿<parameters>
  <parameter name="IIS Web Application Name" defaultValue="c3i_fedex" tags="IisApp">
    <parameterEntry kind="ProviderPath" scope="IisApp" match="^D:\\workspace\\c3i_fedex\\c3i_fedex\\obj\\Release\\Package\\PackageTmp$" />
    <parameterEntry kind="ProviderPath" scope="setAcl" match="^D:\\workspace\\c3i_fedex\\c3i_fedex\\obj\\Release\\Package\\PackageTmp$" />
  </parameter>
  <parameter name="Add write permission to App_Data Folder" description="Add write permission to App_Data folder" defaultValue="{IIS Web Application Name}/App_Data" tags="Hidden">
    <parameterEntry kind="ProviderPath" scope="setAcl" match="^D:\\workspace\\c3i_fedex\\c3i_fedex\\obj\\Release\\Package\\PackageTmp\\App_Data$" />
  </parameter>
  <parameter name="c3i_fedex.Models.Incedo_DEVEntities1-Web.config Connection String" defaultValue="c3i_fedex.Models.Incedo_DEVEntities1_ConnectionString">
    <parameterEntry kind="XmlFile" scope="D:\\workspace\\c3i_fedex\\c3i_fedex\\obj\\Release\\Package\\PackageTmp\\Web\.config$" match="/configuration/connectionStrings/add[@name='c3i_fedex.Models.Incedo_DEVEntities1']/@connectionString" />
  </parameter>
  <parameter name="C3_FedexCasedetailsEntities-Web.config Connection String" defaultValue="metadata=res://*/Models.ClientSystemModel.csdl|res://*/Models.ClientSystemModel.ssdl|res://*/Models.ClientSystemModel.msl;provider=System.Data.SqlClient;provider connection string=&quot;data source=10.11.198.213\Dev;initial catalog=C3_Fedex;integrated security=True;multipleactiveresultsets=True;application name=EntityFramework&quot;">
    <parameterEntry kind="XmlFile" scope="D:\\workspace\\c3i_fedex\\c3i_fedex\\obj\\Release\\Package\\PackageTmp\\Web\.config$" match="/configuration/connectionStrings/add[@name='C3_FedexCasedetailsEntities']/@connectionString" />
  </parameter>
</parameters>